Workbook

Sheet Pesanan Harian
A1: No | B1: Tanggal | C1: Klien/Acara | D1: Menu | E1: Jumlah Porsi | F1: Harga/Porsi (Rp) | G1: Total (Rp) | H1: Status Bayar
A2: 1 | G2: =IF(AND(E2<>"",F2<>""),E2*F2,"")
A3: 2 | G3: =IF(AND(E3<>"",F3<>""),E3*F3,"")
A4: 3 | G4: =IF(AND(E4<>"",F4<>""),E4*F4,"")
A5: 4 | G5: =IF(AND(E5<>"",F5<>""),E5*F5,"")
A6: 5 | G6: =IF(AND(E6<>"",F6<>""),E6*F6,"")
A7: 6 | G7: =IF(AND(E7<>"",F7<>""),E7*F7,"")
A8: 7 | G8: =IF(AND(E8<>"",F8<>""),E8*F8,"")
A9: 8 | G9: =IF(AND(E9<>"",F9<>""),E9*F9,"")
A10: 9 | G10: =IF(AND(E10<>"",F10<>""),E10*F10,"")
A11: 10 | G11: =IF(AND(E11<>"",F11<>""),E11*F11,"")
A12: 11 | G12: =IF(AND(E12<>"",F12<>""),E12*F12,"")
A13: 12 | G13: =IF(AND(E13<>"",F13<>""),E13*F13,"")
... A51: 50 | G51: =IF(AND(E51<>"",F51<>""),E51*F51,"")
A53: TOTAL PENDAPATAN | G53: =SUMPRODUCT((G2:G51<>"")*G2:G51)
A54: TOTAL PESANAN | G54: =COUNTA(C2:C51)
A55: SUDAH BAYAR | G55: =COUNTIF(H2:H51,"Lunas")
A56: BELUM BAYAR | G56: =COUNTIF(H2:H51,"Belum")

Sheet HPP per Menu
A1: A. DAFTAR BAHAN BAKU | I1: B. RESEP PER MENU | N1: C. HPP PER MENU (OTOMATIS)
A2: No | B2: Nama Bahan | C2: Satuan | D2: Harga/Satuan (Rp) | E2: Stok | F2: Min Stok | G2: Status | I2: Nama Menu | J2: Nama Bahan | K2: Kuantitas | L2: Satuan | N2: No | O2: Nama Menu | P2: Total HPP (Rp) | Q2: HPP/Porsi (Rp) | R2: Porsi/Menu
A3: 1 | G3: =IF(E3="","",IF(E3>=F3,"Aman","Restock!")) | N3: 1 | Q3: =IF(AND(P3<>"",R3<>""),P3/R3,"")
A4: 2 | G4: =IF(E4="","",IF(E4>=F4,"Aman","Restock!")) | N4: 2 | Q4: =IF(AND(P4<>"",R4<>""),P4/R4,"")
A5: 3 | G5: =IF(E5="","",IF(E5>=F5,"Aman","Restock!")) | N5: 3 | Q5: =IF(AND(P5<>"",R5<>""),P5/R5,"")
A6: 4 | G6: =IF(E6="","",IF(E6>=F6,"Aman","Restock!")) | N6: 4 | Q6: =IF(AND(P6<>"",R6<>""),P6/R6,"")
A7: 5 | G7: =IF(E7="","",IF(E7>=F7,"Aman","Restock!")) | N7: 5 | Q7: =IF(AND(P7<>"",R7<>""),P7/R7,"")
A8: 6 | G8: =IF(E8="","",IF(E8>=F8,"Aman","Restock!")) | N8: 6 | Q8: =IF(AND(P8<>"",R8<>""),P8/R8,"")
A9: 7 | G9: =IF(E9="","",IF(E9>=F9,"Aman","Restock!")) | N9: 7 | Q9: =IF(AND(P9<>"",R9<>""),P9/R9,"")
A10: 8 | G10: =IF(E10="","",IF(E10>=F10,"Aman","Restock!")) | N10: 8 | Q10: =IF(AND(P10<>"",R10<>""),P10/R10,"")
A11: 9 | G11: =IF(E11="","",IF(E11>=F11,"Aman","Restock!")) | N11: 9 | Q11: =IF(AND(P11<>"",R11<>""),P11/R11,"")
A12: 10 | G12: =IF(E12="","",IF(E12>=F12,"Aman","Restock!")) | N12: 10 | Q12: =IF(AND(P12<>"",R12<>""),P12/R12,"")
A13: 11 | G13: =IF(E13="","",IF(E13>=F13,"Aman","Restock!")) | N13: 11 | Q13: =IF(AND(P13<>"",R13<>""),P13/R13,"")
A14: 12 | G14: =IF(E14="","",IF(E14>=F14,"Aman","Restock!")) | N14: 12 | Q14: =IF(AND(P14<>"",R14<>""),P14/R14,"")
... A17: 15 | G17: =IF(E17="","",IF(E17>=F17,"Aman","Restock!")) | N17: 15 | Q17: =IF(AND(P17<>"",R17<>""),P17/R17,"")
A18: 16 | G18: =IF(E18="","",IF(E18>=F18,"Aman","Restock!"))
A19: 17 | G19: =IF(E19="","",IF(E19>=F19,"Aman","Restock!"))
A20: 18 | G20: =IF(E20="","",IF(E20>=F20,"Aman","Restock!"))
A21: 19 | G21: =IF(E21="","",IF(E21>=F21,"Aman","Restock!"))
A22: 20 | G22: =IF(E22="","",IF(E22>=F22,"Aman","Restock!"))
A23: 21 | G23: =IF(E23="","",IF(E23>=F23,"Aman","Restock!"))
A24: 22 | G24: =IF(E24="","",IF(E24>=F24,"Aman","Restock!"))
A25: 23 | G25: =IF(E25="","",IF(E25>=F25,"Aman","Restock!"))
A26: 24 | G26: =IF(E26="","",IF(E26>=F26,"Aman","Restock!"))
A27: 25 | G27: =IF(E27="","",IF(E27>=F27,"Aman","Restock!"))

Sheet Ringkasan Harian
A1: RINGKASAN OPERASIONAL HARIAN
A3: Total Pendapatan | B3: ='Pesanan Harian'!G53 | D3: Total Porsi Terjual | E3: =SUM('Pesanan Harian'!E2:E51)
A4: Total Pesanan | B4: ='Pesanan Harian'!G54 | D4: Total HPP (estimasi) | E4: =SUM('HPP per Menu'!P3:P17)
A5: Pesanan Lunas | B5: ='Pesanan Harian'!G55 | D5: Laba Kotor (estimasi) | E5: =B3-E4
A6: Pesanan Belum Bayar | B6: ='Pesanan Harian'!G56 | D6: Margin Kotor (%) | E6: =IF(B3=0,"",E5/B3)
A7: % Lunas | B7: =IF(B4=0,"",B5/B4)
A8: Rata-rata Nilai Pesanan | B8: =IF(B4=0,"",B3/B4) | D8: Total Pengeluaran Operasional | E8: =Pengeluaran!E54
D9: Laba Bersih (estimasi) | E9: =E5-E8
D10: Margin Bersih (%) | E10: =IF(B3=0,"",E9/B3)

Sheet Pengeluaran
A1: PENGELUARAN HARIAN
A2: No | B2: Tanggal | C2: Kategori | D2: Deskripsi | E2: Jumlah (Rp) | F2: Keterangan
A3: 1
A4: 2
A5: 3
A6: 4
A7: 5
A8: 6
A9: 7
A10: 8
A11: 9
A12: 10
A13: 11
A14: 12
... A52: 50
A54: TOTAL PENGELUARAN | E54: =SUM(E3:E52)
